{
  "siteTitle": "Moto Çetinkaya",
  "logoUrl": "/images/logo.png",
  "heroTitle": "Hız. Özgürlük. Macera.",
  "heroSubtitle": "Sıfır & 2. El Satış - Servis - Bakım - Yedek Parça - Aksesuar",
  "address": "Çiftlikköy Mah. 32182 Sk. Dış Kapı No:2 – Ekinci Cad. Boyut 34 No:28",
  "phone": "+90 551 723 01 49",
  "whatsapp": "+90 551 723 01 49",
  "instagram": "https://www.instagram.com/motocetinkaya",
  "popularTitle": "En Çok Satılanlar",
  "footerNote": "© 2025 Moto Çetinkaya — Motorcycle Sales & Service"
}